report_date,noncomm_long,noncomm_short,net_long,open_interest
1995-03-21,8807,4068,4739,48487
1995-03-28,14334,7547,6787,53056
1995-04-04,15797,6908,8889,53287
1995-04-18,9521,3298,6223,48243
1995-04-25,7135,10742,-3607,54456
1995-05-02,5434,10840,-5406,52660
1995-05-09,5166,11927,-6761,56011
1995-05-16,4761,13634,-8873,57536
1995-05-23,5137,9223,-4086,57106
1995-05-30,4251,5536,-1285,47687
1995-06-06,9146,6455,2691,51531
1995-06-13,10844,6686,4158,49536
1995-06-20,19323,8691,10632,57581
1995-06-27,17745,4821,12924,49540
1995-07-03,16982,2438,14544,49181
1995-07-11,14666,2662,12004,46999
1995-07-18,16237,3511,12726,47148
1995-07-25,5779,2336,3443,39127
1995-08-01,5111,3483,1628,37611
1995-08-08,6301,2704,3597,37515
1995-08-15,9739,3212,6527,40530
1995-08-22,12844,3122,9722,43494
1995-08-29,12372,2835,9537,41875
1995-09-05,7043,1361,5682,35750
1995-09-12,7163,3045,4118,35335
1995-09-19,5807,3779,2028,37218
1995-09-26,6048,2683,3365,33651
1995-10-03,6703,2782,3921,33505
1995-10-10,7168,5535,1633,37249
1995-10-17,6967,7590,-623,39933
1995-10-24,8627,9099,-472,41907
1995-10-31,8346,7581,765,40882
1995-11-07,7450,2827,4623,41639
1995-11-14,7548,2827,4721,41170
1995-11-21,7827,2526,5301,42261
1995-11-28,6284,2577,3707,39115
1995-12-05,6531,3127,3404,38575
1995-12-12,6264,3904,2360,37310
1995-12-19,6392,2345,4047,36466
1995-12-26,8153,3141,5012,36589
1996-01-02,11731,6658,5073,41309
1996-01-09,12542,10764,1778,48226
1996-01-16,13736,13605,131,50822
1996-01-23,13852,12880,972,52036
1996-01-30,12295,11480,815,52537
1996-02-06,9125,8181,944,48302
1996-02-13,7420,7848,-428,47665
1996-02-20,7162,8702,-1540,48836
1996-02-27,5722,7693,-1971,44773
1996-03-05,6150,4650,1500,42212
1996-03-12,8012,4580,3432,45328
1996-03-19,8356,3425,4931,44503
1996-03-26,9376,3722,5654,45848
1996-04-02,8028,3510,4518,44987
1996-04-09,8286,3402,4884,44336
1996-04-16,10010,1855,8155,48265
1996-04-23,13271,2260,11011,53057
1996-04-30,14486,3932,10554,53204
1996-05-07,16819,5279,11540,55550
1996-05-14,15724,4812,10912,55211
1996-05-21,7012,4046,2966,43147
1996-05-28,5732,6114,-382,42083
1996-06-04,5383,6198,-815,42370
1996-06-11,3684,9680,-5996,52273
1996-06-18,7511,10355,-2844,58107
1996-06-25,10051,11634,-1583,63597
1996-07-02,8436,10602,-2166,60881
1996-07-09,8056,10575,-2519,60573
1996-07-16,8277,11656,-3379,62054
1996-07-23,7777,10612,-2835,61746
1996-07-30,6541,9589,-3048,59967
1996-08-06,6583,10848,-4265,61479
1996-08-13,6638,10789,-4151,62395
1996-08-20,6623,9534,-2911,61645
1996-08-27,7399,8607,-1208,58965
1996-09-03,8030,9291,-1261,60443
1996-09-10,8792,7549,1243,59132
1996-09-17,8050,9257,-1207,60462
1996-09-24,8267,8587,-320,60381
1996-10-01,8584,7348,1236,61224
1996-10-08,9329,7426,1903,63495
1996-10-15,9145,6694,2451,62966
1996-10-22,8500,5189,3311,61926
1996-10-29,11258,6334,4924,65558
1996-11-05,10173,6150,4023,63701
1996-11-12,12388,5265,7123,68758
1996-11-19,14003,3765,10238,72878
1996-11-26,14745,2783,11962,67344
1996-12-03,14375,3046,11329,65697
1996-12-10,14210,2719,11491,66130
1996-12-17,10963,2951,8012,58363
1996-12-24,10377,3104,7273,55407
1996-12-31,10573,2942,7631,53981
1997-01-07,13839,3933,9906,60609
1997-01-14,14499,4038,10461,62166
1997-01-21,14955,3906,11049,61429
1997-01-28,15136,4120,11016,61523
1997-02-04,13053,3701,9352,56897
1997-02-11,13350,4432,8918,59710
1997-02-18,13088,4119,8969,61841
1997-02-25,14916,3103,11813,61457
1997-03-04,17115,3048,14067,64518
1997-03-11,15244,2818,12426,61314
1997-03-18,14736,2654,12082,61205
1997-03-25,15420,2487,12933,61164
1997-04-01,14127,3354,10773,57671
1997-04-08,10578,2889,7689,53962
1997-04-15,10018,3039,6979,54359
1997-04-22,9346,2593,6753,53509
1997-04-29,13926,1993,11933,53834
1997-05-06,13634,2491,11143,54811
1997-05-13,16936,3700,13236,59877
1997-05-20,23222,5165,18057,66573
1997-05-27,23442,4924,18518,64794
1997-06-03,23785,4140,19645,64614
1997-06-10,23564,3641,19923,65519
1997-06-17,22530,3438,19092,65644
1997-06-24,17838,2397,15441,59026
1997-07-01,15406,2949,12457,53200
1997-07-08,16033,3539,12494,53454
1997-07-15,13329,8063,5266,53745
1997-07-22,13871,7268,6603,51885
1997-07-29,13376,5199,8177,47775
1997-08-05,14228,4843,9385,47000
1997-08-12,14529,5460,9069,47078
1997-08-19,13043,9337,3706,49335
1997-08-26,11236,10343,893,49334
1997-09-02,11031,11494,-463,47362
1997-09-09,10834,11573,-739,48244
1997-09-16,12145,13881,-1736,56170
1997-09-23,13010,11690,1320,55403
1997-09-30,11554,8875,2679,52735
1997-10-07,12456,11338,1118,54376
1997-10-14,11989,10009,1980,54306
1997-10-21,11848,9177,2671,57954
1997-10-28,12780,11684,1096,66221
1997-11-04,13321,13095,226,67483
1997-11-11,12223,13295,-1072,68834
1997-11-18,13229,16574,-3345,74949
1997-11-25,12466,16285,-3819,73138
1997-12-02,11882,16423,-4541,67131
1997-12-09,11687,16653,-4966,68290
1997-12-16,12376,17558,-5182,71845
1997-12-23,12432,16719,-4287,75027
1997-12-30,12526,17553,-5027,75049
1998-01-06,12192,17360,-5168,73255
1998-01-13,12679,16806,-4127,76416
1998-01-20,11690,14320,-2630,74552
1998-01-27,10678,11593,-915,75465
1998-02-03,13220,12003,1217,77215
1998-02-10,12278,16705,-4427,79306
1998-02-17,12284,17914,-5630,80749
1998-02-24,10976,19907,-8931,79523
1998-03-03,11112,14203,-3091,72700
1998-03-10,11364,11925,-561,72691
1998-03-17,14323,9977,4346,78156
1998-03-24,13166,9245,3921,78388
1998-03-31,13260,9860,3400,76591
1998-04-07,9617,11716,-2099,74390
1998-04-14,11623,9628,1995,77351
1998-04-21,14924,8982,5942,79242
1998-04-28,18684,7083,11601,81331
1998-05-05,17118,5837,11281,75153
1998-05-12,11330,6783,4547,68510
1998-05-19,11056,12090,-1034,72522
1998-05-26,10110,13490,-3380,73417
1998-06-02,10185,15064,-4879,74209
1998-06-09,9916,13917,-4001,73021
1998-06-16,9118,15548,-6430,73518
1998-06-23,6714,13063,-6349,70878
1998-06-30,6662,14490,-7828,67827
1998-07-07,7688,19239,-11551,73935
1998-07-14,7337,15387,-8050,70149
1998-07-21,7095,8461,-1366,65094
1998-07-28,11751,7483,4268,67427
1998-08-04,9027,6821,2206,61773
1998-08-11,8495,10175,-1680,65055
1998-08-18,8814,11892,-3078,68551
1998-08-25,8104,13014,-4910,68575
1998-09-01,9888,14543,-4655,68300
1998-09-08,8828,10197,-1369,65443
1998-09-15,10639,8910,1729,65815
1998-09-22,8274,9292,-1018,64768
1998-09-29,8044,7904,140,61878
1998-10-06,10008,14476,-4468,66375
1998-10-13,10494,16665,-6171,67091
1998-10-20,10823,11921,-1098,65714
1998-10-27,11630,17344,-5714,70954
1998-11-03,12084,18265,-6181,75454
1998-11-10,10183,15272,-5089,70435
1998-11-17,10779,21983,-11204,77180
1998-11-24,9879,21109,-11230,75233
1998-12-01,10415,23629,-13214,73252
1998-12-08,11922,29464,-17542,79972
1998-12-15,11774,31701,-19927,84231
1998-12-22,11915,30343,-18428,83078
1998-12-29,10720,26589,-15869,79503
1999-01-05,12343,29129,-16786,83847
1999-01-12,10414,26447,-16033,80907
1999-01-19,10367,25746,-15379,81579
1999-01-26,10631,26826,-16195,82436
1999-02-02,10768,26949,-16181,80961
1999-02-09,9398,15175,-5777,71682
1999-02-16,11108,19529,-8421,76604
1999-02-23,11903,27884,-15981,83943
1999-03-02,11274,28891,-17617,81912
1999-03-09,10491,27509,-17018,79880
1999-03-16,11706,27603,-15897,81459
1999-03-23,11399,21668,-10269,81799
1999-03-30,12905,19941,-7036,78632
1999-04-06,12155,20400,-8245,75169
1999-04-13,11291,16482,-5191,71893
1999-04-20,18123,8412,9711,77499
1999-04-27,22395,8830,13565,81485
1999-05-04,27468,8850,18618,85415
1999-05-11,29604,7186,22418,88527
1999-05-18,29507,6182,23325,85818
1999-05-25,18369,4156,14213,73678
1999-06-01,14005,10392,3613,73338
1999-06-08,13676,14416,-740,76628
1999-06-15,11789,16013,-4224,77335
1999-06-22,11607,13734,-2127,77574
1999-06-29,11785,9682,2103,75368
1999-07-06,20120,9293,10827,81840
1999-07-13,22836,8323,14513,85589
1999-07-20,22916,7371,15545,86853
1999-07-27,20837,6122,14715,81862
1999-08-03,19032,6627,12405,78578
1999-08-10,20420,8118,12302,80575
1999-08-17,21538,7553,13985,79712
1999-08-24,17283,5818,11465,73370
1999-08-31,17816,2780,15036,74493
1999-09-07,25572,3062,22510,84897
1999-09-14,27613,4198,23415,88310
1999-09-21,30323,4420,25903,89437
1999-09-28,25086,3098,21988,84041
1999-10-05,23108,2204,20904,83424
1999-10-12,15973,3585,12388,78307
1999-10-19,14712,2839,11873,75528
1999-10-26,16232,1651,14581,76573
1999-11-02,15709,2244,13465,75207
1999-11-09,15702,2413,13289,74759
1999-11-16,12406,4219,8187,72671
1999-11-23,12114,4761,7353,72338
1999-11-30,12725,2396,10329,71453
1999-12-07,11996,3900,8096,69903
1999-12-14,11146,4470,6676,70101
1999-12-21,20332,1601,18731,79119
1999-12-28,21114,1019,20095,79430
2000-01-04,22483,667,21816,80357
2000-01-11,23592,797,22795,82567
2000-01-18,30744,2388,28356,92237
2000-01-25,28446,1866,26580,88992
2000-02-01,22430,1439,20991,81883
2000-02-08,17476,2885,14591,79418
2000-02-15,17472,2341,15131,77970
2000-02-22,16271,2973,13298,77441
2000-02-29,11398,6483,4915,71600
2000-03-07,12331,8309,4022,70164
2000-03-14,11685,10006,1679,70773
2000-03-21,12156,7671,4485,73083
2000-03-28,11477,8064,3413,71882
2000-04-04,12544,10528,2016,74934
2000-04-11,11428,14796,-3368,80330
2000-04-18,10890,18302,-7412,82366
2000-04-25,10732,14487,-3755,75092
2000-05-02,9539,9958,-419,72100
2000-05-09,12296,4767,7529,72665
2000-05-16,14689,3883,10806,74486
2000-05-23,15003,4927,10076,74396
2000-05-30,12788,5217,7571,68952
2000-06-06,7170,4334,2836,66714
2000-06-13,6490,6463,27,68077
2000-06-20,8233,3661,4572,64255
2000-06-27,7675,2964,4711,64075
2000-07-05,6494,3050,3444,66996
2000-07-11,7883,3465,4418,66614
2000-07-18,13468,3109,10359,71386
2000-07-25,20802,5091,15711,80050
2000-08-01,23977,6341,17636,84081
2000-08-08,24785,6826,17959,84487
2000-08-15,24001,6603,17398,81489
2000-08-22,21007,6389,14618,77647
2000-08-29,23955,5686,18269,81581
2000-09-05,28459,5392,23067,83094
2000-09-12,31761,5746,26015,86673
2000-09-19,35334,6033,29301,89125
2000-09-26,34477,5969,28508,86413
2000-10-03,23954,5058,18896,79098
2000-10-10,19402,4956,14446,76458
2000-10-17,16005,6899,9106,75845
2000-10-24,11991,9594,2397,75605
2000-10-31,9683,15017,-5334,72262
2000-11-07,11202,17661,-6459,74586
2000-11-14,10733,21629,-10896,77365
2000-11-21,10295,23931,-13636,78546
2000-11-28,9998,21081,-11083,76287
2000-12-05,10592,16001,-5409,75452
2000-12-12,11011,9726,1285,70824
2000-12-19,12050,9312,2738,70745
2000-12-26,12341,11356,985,71179
2001-01-02,12827,15273,-2446,73714
2001-01-09,15091,21099,-6008,81520
2001-01-16,15852,21493,-5641,84129
2001-01-23,11618,16392,-4774,79627
2001-01-30,11654,16767,-5113,79675
2001-02-06,11198,18087,-6889,77778
2001-02-13,11349,20070,-8721,77220
2001-02-20,11902,20409,-8507,76798
2001-02-27,16443,29193,-12750,80977
2001-03-06,12596,18665,-6069,73046
2001-03-13,10439,18042,-7603,70784
2001-03-20,14317,27535,-13218,81359
2001-03-27,14546,30196,-15650,85684
2001-04-03,15968,34477,-18509,86858
2001-04-10,15704,37074,-21370,88780
2001-04-17,15851,38137,-22286,85438
2001-04-24,15205,34684,-19479,81444
2001-05-01,14675,31597,-16922,75984
2001-05-08,13415,28188,-14773,71956
2001-05-15,15007,33402,-18395,78160
2001-05-22,13990,21558,-7568,71756
2001-05-29,14085,21531,-7446,73554
2001-06-05,13348,28451,-15103,78137
2001-06-12,15564,35475,-19911,87313
2001-06-19,16811,38418,-21607,90602
2001-06-26,17269,40037,-22768,90817
2001-07-03,16900,36929,-20029,84639
2001-07-10,15839,36309,-20470,83627
2001-07-17,14680,35100,-20420,82919
2001-07-24,14707,36192,-21485,88687
2001-07-31,13647,31407,-17760,83917
2001-08-07,13257,31993,-18736,87061
2001-08-14,14143,31384,-17241,88865
2001-08-21,12705,30348,-17643,91858
2001-08-28,11351,26204,-14853,94737
2001-09-04,13202,27311,-14109,93754
2001-09-10,14072,32133,-18061,89766
2001-09-18,14348,32396,-18048,88707
2001-09-25,14073,33744,-19671,86076
2001-10-02,14418,35904,-21486,84668
2001-10-09,13546,35560,-22014,85995
2001-10-16,13639,38966,-25327,89677
2001-10-23,13213,38342,-25129,92721
2001-10-30,13207,38663,-25456,94044
2001-11-06,13016,39793,-26777,95954
2001-11-13,9344,22245,-12901,87982
2001-11-20,9327,12736,-3409,85722
2001-11-27,9985,9442,543,82080
2001-12-04,14984,8062,6922,67568
2001-12-11,11492,5690,5802,70476
2001-12-18,10360,7337,3023,72327
2001-12-21,10042,8434,1608,73543
2001-12-28,9671,8338,1333,73281
2002-01-08,10826,6407,4419,72797
2002-01-15,12439,4977,7462,74021
2002-01-22,13775,6262,7513,75599
2002-01-29,13427,6025,7402,77443
2002-02-05,20412,7656,12756,81520
2002-02-12,22484,7696,14788,84920
2002-02-19,21385,6695,14690,84431
2002-02-26,13069,5896,7173,77735
2002-03-05,15530,4871,10659,75969
2002-03-12,20246,5228,15018,79367
2002-03-19,26792,5032,21760,85605
2002-03-26,24065,5320,18745,83141
2002-04-02,27865,5944,21921,82887
2002-04-09,15334,5488,9846,75448
2002-04-16,16194,8042,8152,77042
2002-04-23,16893,5771,11122,76061
2002-04-30,15040,4928,10112,70799
2002-05-07,14350,10166,4184,74713
2002-05-14,15381,3907,11474,75245
2002-05-21,13447,5365,8082,74268
2002-05-28,19651,3765,15886,77580
2002-06-04,31128,4965,26163,83710
2002-06-11,37737,4659,33078,88177
2002-06-18,32645,4631,28014,86087
2002-06-25,20873,2938,17935,74539
2002-07-02,26527,3544,22983,74524
2002-07-09,25218,2569,22649,76992
2002-07-16,18318,6833,11485,75289
2002-07-23,19477,21866,-2389,93004
2002-07-30,18440,26745,-8305,97278
2002-08-06,18004,29902,-11898,97259
2002-08-13,18112,34157,-16045,106907
2002-08-20,17970,35477,-17507,108190
2002-08-27,16465,34529,-18064,105553
2002-09-03,16693,36120,-19427,98662
2002-09-10,14558,29150,-14592,97927
2002-09-17,12882,24423,-11541,95212
2002-09-24,12767,29658,-16891,101397
2002-10-01,14089,34890,-20801,105368
2002-10-08,14806,36293,-21487,107185
2002-10-15,14563,35037,-20474,106109
2002-10-22,13124,20297,-7173,96064
2002-10-29,15356,10196,5160,91272
2002-11-05,25514,11056,14458,92905
2002-11-12,27082,9934,17148,92459
2002-11-19,27534,9413,18121,89305
2002-11-26,29142,7298,21844,87531
2002-12-03,33311,6687,26624,86563
2002-12-10,31181,4157,27024,82396
2002-12-17,25663,2882,22781,77269
2002-12-23,19462,4427,15035,73451
2002-12-31,16940,15940,1000,80804
2003-01-07,14545,10824,3721,78438
2003-01-14,22423,7125,15298,79413
2003-01-21,28769,7103,21666,85155
2003-01-28,30297,7119,23178,85734
2003-02-04,34719,6528,28191,88961
2003-02-11,35182,5445,29737,87736
2003-02-14,29987,3600,26387,80880
2003-02-25,27159,4203,22956,76627
2003-03-04,35727,8503,27224,83156
2003-03-11,21568,5393,16175,69692
2003-03-18,20637,6984,13653,68591
2003-03-25,23390,5832,17558,72829
2003-04-01,20215,19494,721,81025
2003-04-08,18412,24240,-5828,84678
2003-04-15,17519,25843,-8324,86403
2003-04-22,17140,27146,-10006,88912
2003-04-29,17507,29271,-11764,90794
2003-05-06,16737,31953,-15216,82487
2003-05-13,14120,17256,-3136,74885
2003-05-20,22048,14356,7692,78655
2003-05-27,26326,13750,12576,81319
2003-06-03,30647,13260,17387,85674
2003-06-10,31335,11865,19470,84464
2003-06-17,30023,11747,18276,82032
2003-06-24,29963,11535,18428,82287
2003-07-01,19734,11559,8175,73936
2003-07-08,20710,11340,9370,72520
2003-07-15,35325,11632,23693,83448
2003-07-22,34651,11604,23047,84741
2003-07-29,44252,13480,30772,99795
2003-08-05,48936,14494,34442,103085
2003-08-12,43345,12962,30383,95957
2003-08-19,41945,11778,30167,95535
2003-08-26,42018,13073,28945,94090
2003-09-02,44521,13122,31399,85726
2003-09-09,52432,15773,36659,94995
2003-09-16,49561,15041,34520,92158
2003-09-23,51536,16767,34769,95585
2003-09-30,48033,14259,33774,91418
2003-10-07,58297,18434,39863,102949
2003-10-14,67579,19437,48142,110951
2003-10-21,66834,18959,47875,113459
2003-10-28,62858,17733,45125,111772
2003-11-04,61316,16977,44339,112481
2003-11-11,60328,15984,44344,111849
2003-11-18,51686,16252,35434,106000
2003-11-25,41423,15107,26316,92540
2003-12-02,45078,16297,28781,94158
2003-12-09,42175,15984,26191,91060
2003-12-16,43954,16251,27703,94323
2003-12-22,45534,16199,29335,95973
2003-12-30,44967,17950,27017,93972
2004-01-06,47367,15187,32180,96481
2004-01-13,47038,15474,31564,98185
2004-01-20,46884,15444,31440,97196
2004-01-27,44388,15184,29204,100078
2004-02-03,45351,15725,29626,99126
2004-02-10,41768,13372,28396,92967
2004-02-17,41450,9966,31484,98408
2004-02-24,39054,10654,28400,101266
2004-03-02,37277,10973,26304,95987
2004-03-09,31141,8197,22944,86666
2004-03-16,32623,8460,24163,91448
2004-03-23,33294,9145,24149,89982
2004-03-30,32175,11301,20874,99004
2004-04-06,28437,13252,15185,92394
2004-04-12,26911,14248,12663,89722
2004-04-20,28907,14365,14542,90078
2004-04-27,21448,10317,11131,81083
2004-05-04,19740,9481,10259,77360
2004-05-11,17406,7657,9749,75685
2004-05-18,17122,7613,9509,76404
2004-05-25,18027,6063,11964,80504
2004-06-01,22269,5581,16688,83981
2004-06-08,19205,5251,13954,79776
2004-06-15,13041,5840,7201,75456
2004-06-22,12805,7127,5678,80249
2004-06-29,12362,5576,6786,64744
2004-07-06,13504,4990,8514,64499
2004-07-13,23190,5795,17395,73136
2004-07-20,25167,5819,19348,75720
2004-07-27,19860,5044,14816,71418
2004-08-03,25629,7687,17942,77780
2004-08-10,19740,6595,13145,71212
2004-08-17,30820,10042,20778,84004
2004-08-24,21868,7741,14127,74763
2004-08-31,22974,6718,16256,77595
2004-09-07,21495,7036,14459,77127
2004-09-14,26497,9141,17356,80286
2004-09-21,35384,12551,22833,92406
2004-09-28,41898,14833,27065,100471
2004-10-05,46541,15348,31193,107715
2004-10-12,47591,14569,33022,111930
2004-10-19,20478,5457,15021,81184
2004-10-26,18445,5188,13257,79087
2004-11-02,19577,5022,14555,76372
2004-11-09,23249,5053,18196,83280
2004-11-16,25745,6044,19701,88639
2004-11-23,32985,7521,25464,97172
2004-11-30,37189,8190,28999,101116
2004-12-07,29910,5344,24566,93891
2004-12-14,25522,3864,21658,87097
2004-12-21,29294,4385,24909,91037
2004-12-28,33823,5771,28052,97973
2005-01-04,26177,5114,21063,91079
2005-01-11,23423,3992,19431,85590
2005-01-18,23654,4648,19006,85442
2005-01-25,27671,6043,21628,91878
2005-02-01,27166,8133,19033,92806
2005-02-08,23121,6867,16254,88730
2005-02-15,33232,10212,23020,99721
2005-02-22,44474,13370,31104,115128
2005-03-01,49286,15143,34143,115995
2005-03-08,52410,15179,37231,121218
2005-03-15,47015,15026,31989,118378
2005-03-22,47341,15948,31393,124316
2005-03-29,40642,14006,26636,117948
2005-04-05,42989,14282,28707,124252
2005-04-12,45973,16440,29533,136694
2005-04-19,32216,12330,19886,121478
2005-04-26,34638,12076,22562,119037
2005-05-03,34121,14513,19608,110419
2005-05-10,31923,14365,17558,109153
2005-05-17,20877,17226,3651,99590
2005-05-24,20228,16283,3945,97035
2005-05-31,23328,13196,10132,96863
2005-06-07,32092,12549,19543,105295
2005-06-14,37309,15042,22267,110612
2005-06-21,43296,18761,24535,119046
2005-06-28,42079,20634,21445,117266
2005-07-05,33446,19360,14086,106402
2005-07-12,36873,20818,16055,110707
2005-07-19,40067,21863,18204,115725
2005-07-26,42765,24419,18346,118631
2005-08-02,46948,26676,20272,123218
2005-08-09,44931,26941,17990,118156
2005-08-16,41770,24948,16822,110988
2005-08-23,38388,25834,12554,107639
2005-08-30,37076,27103,9973,107881
2005-09-06,38717,28410,10307,108914
2005-09-13,33624,27007,6617,102167
2005-09-20,34713,27130,7583,104141
2005-09-27,37671,27566,10105,107913
2005-10-04,41241,30660,10581,111754
2005-10-11,43498,30902,12596,116028
2005-10-18,38860,30032,8828,111937
2005-10-25,32023,29061,2962,107334
2005-11-01,32023,27277,4746,110206
2005-11-08,34019,26583,7436,113985
2005-11-15,36691,27114,9577,119363
2005-11-22,34837,28078,6759,115518
2005-11-29,33236,27705,5531,110587
2005-12-06,33223,27713,5510,108319
2005-12-13,32864,28042,4822,107487
2005-12-20,30841,28309,2532,104447
2005-12-27,32330,29505,2825,105093
2006-01-03,33052,30218,2834,105401
2006-01-10,32859,31650,1209,104115
2006-01-17,32128,30065,2063,103326
2006-01-24,33288,30612,2676,105466
2006-01-31,32250,31235,1015,104096
2006-02-07,33027,29723,3304,102774
2006-02-14,28557,28966,-409,97512
2006-02-21,23399,26443,-3044,94524
2006-02-28,18822,24534,-5712,89099
2006-03-07,18596,22383,-3787,89377
2006-03-14,20144,20201,-57,94838
2006-03-21,22249,19703,2546,100619
2006-03-28,22333,21155,1178,100572
2006-04-04,23209,23879,-670,103853
2006-04-11,21384,23004,-1620,102381
2006-04-18,19474,21102,-1628,105592
2006-04-25,16366,19116,-2750,98630
2006-05-02,14906,17058,-2152,87797
2006-05-09,14077,15148,-1071,89180
2006-05-16,12602,15168,-2566,88477
2006-05-23,10308,16823,-6515,85170
2006-05-30,10005,16483,-6478,82592
2006-06-06,8473,15834,-7361,79975
2006-06-13,8293,14000,-5707,81852
2006-06-20,8373,11760,-3387,79307
2006-06-27,8175,12116,-3941,75069
2006-07-03,8440,11115,-2675,74597
2006-07-11,10578,13117,-2539,76417
2006-07-18,10812,14498,-3686,78028
2006-07-25,8440,14312,-5872,75062
2006-08-01,8683,15127,-6444,73081
2006-08-08,9425,16147,-6722,73948
2006-08-15,9323,17503,-8180,75901
2006-08-22,8211,18135,-9924,73677
2006-08-29,8156,19644,-11488,70522
2006-09-05,9381,18342,-8961,70659
2006-09-12,7923,17521,-9598,70296
2006-09-19,9170,20471,-11301,69561
2006-09-26,10567,20422,-9855,69466
2006-10-03,10602,23096,-12494,70934
2006-10-10,10575,23995,-13420,70505
2006-10-17,13069,22087,-9018,74270
2006-10-24,12441,22290,-9849,76902
2006-10-31,11719,22841,-11122,76020
2006-11-07,11407,25203,-13796,73966
2006-11-14,10023,27291,-17268,75570
2006-11-21,9097,27509,-18412,75216
2006-11-28,9799,27787,-17988,71524
2006-12-05,9484,26859,-17375,69961
2006-12-12,9413,27318,-17905,69269
2006-12-19,8395,27884,-19489,70497
2006-12-26,6489,27294,-20805,68970
2007-01-03,5793,26537,-20744,72195
2007-01-09,6252,26287,-20035,71944
2007-01-16,5265,26701,-21436,70989
2007-01-23,4901,27056,-22155,72844
2007-01-30,5301,27667,-22366,73497
2007-02-06,5106,27834,-22728,74215
2007-02-13,5358,26843,-21485,73026
2007-02-20,4735,26266,-21531,73575
2007-02-27,5186,24339,-19153,66804
2007-03-06,5033,24676,-19643,66480
2007-03-13,4481,23070,-18589,66097
2007-03-20,7675,22966,-15291,72292
2007-03-27,8644,24550,-15906,75521
2007-04-03,9886,22926,-13040,78251
2007-04-10,12289,22378,-10089,81586
2007-04-17,13753,22736,-8983,82436
2007-04-24,13889,22341,-8452,81578
2007-05-01,15077,23414,-8337,82404
2007-05-08,15893,24073,-8180,82364
2007-05-15,15315,24384,-9069,82439
2007-05-22,12656,23764,-11108,80972
2007-05-29,12092,23663,-11571,80330
2007-06-05,12777,22395,-9618,81725
2007-06-12,13240,22261,-9021,77414
2007-06-19,13917,22319,-8402,78816
2007-06-26,13478,22397,-8919,79628
2007-07-03,15360,23707,-8347,82120
2007-07-10,20646,24557,-3911,87813
2007-07-17,20638,24406,-3768,90151
2007-07-24,21991,24958,-2967,94805
2007-07-31,19543,24964,-5421,89725
2007-08-07,18462,24025,-5563,84969
2007-08-14,13970,19920,-5950,76411
2007-08-21,12314,19419,-7105,76935
2007-08-28,11272,17764,-6492,73334
2007-09-04,11479,16581,-5102,69418
2007-09-11,12519,16569,-4050,68998
2007-09-18,14435,16792,-2357,71876
2007-09-25,17474,17327,147,77852
2007-10-02,20787,19238,1549,83421
2007-10-09,23323,19217,4106,87270
2007-10-16,22891,20858,2033,90514
2007-10-23,19607,20080,-473,87212
2007-10-30,17395,20022,-2627,86361
2007-11-06,15564,18633,-3069,83679
2007-11-13,12218,18563,-6345,78936
2007-11-20,11483,17994,-6511,78372
2007-11-27,9605,17501,-7896,74073
2007-12-04,8473,16813,-8340,71021
2007-12-11,8675,16665,-7990,71082
2007-12-18,8713,17746,-9033,73278
2007-12-24,8494,16567,-8073,72031
2007-12-31,9302,16577,-7275,72384
2008-01-08,9384,15573,-6189,76179
2008-01-15,10728,19534,-8806,84417
2008-01-22,11307,20355,-9048,87064
2008-01-29,10724,20004,-9280,90360
2008-02-05,11596,18779,-7183,90981
2008-02-12,18418,17805,613,89314
2008-02-19,21321,17722,3599,94858
2008-02-26,24783,19215,5568,102213
2008-03-04,27363,18301,9062,102361
2008-03-11,29212,19268,9944,103876
2008-03-18,27312,20018,7294,102794
2008-03-25,23136,15558,7578,98165
2008-04-01,25638,16101,9537,102617
2008-04-08,28027,19227,8800,103283
2008-04-15,30622,21410,9212,105936
2008-04-22,30652,21716,8936,108473
2008-04-29,29088,22567,6521,104817
2008-05-06,27805,20640,7165,100086
2008-05-13,24149,19936,4213,98450
2008-05-20,24610,19555,5055,101637
2008-05-27,22163,18530,3633,98919
2008-06-03,20737,21663,-926,98485
2008-06-10,20577,20437,140,96763
2008-06-17,23110,19971,3139,102993
2008-06-24,25198,18642,6556,109984
2008-07-01,26044,18675,7369,111803
2008-07-08,25297,18810,6487,110619
2008-07-15,20952,18041,2911,106095
2008-07-22,20377,19491,886,111379
2008-07-29,18022,20428,-2406,108663
2008-08-05,15960,20479,-4519,110696
2008-08-12,13037,18731,-5694,101030
2008-08-19,10447,19753,-9306,95537
2008-08-26,8919,20144,-11225,88464
2008-09-02,7711,19986,-12275,78340
2008-09-09,7093,20690,-13597,77569
2008-09-16,8749,21340,-12591,77498
2008-09-23,9710,19617,-9907,75178
2008-09-30,5803,22046,-16243,78888
2008-10-07,5641,24401,-18760,80842
2008-10-14,5863,23915,-18052,81516
2008-10-21,6212,23678,-17466,84550
2008-10-28,6633,22378,-15745,80203
2008-11-04,5877,21886,-16009,78934
2008-11-11,6320,21561,-15241,78119
2008-11-18,8053,24147,-16094,81515
2008-11-25,7873,23970,-16097,72537
2008-12-02,8653,26617,-17964,70461
2008-12-09,8130,25580,-17450,69494
2008-12-16,9531,28014,-18483,72260
2008-12-22,9682,29001,-19319,74718
2008-12-30,10070,29767,-19697,74720
2009-01-06,9052,28938,-19886,76750
2009-01-13,7191,30503,-23312,82420
2009-01-20,7009,32524,-25515,84041
2009-01-27,6592,32327,-25735,84536
2009-02-03,7352,32765,-25413,87712
2009-02-10,8874,33665,-24791,84352
2009-02-17,7663,35317,-27654,89897
2009-02-24,7461,34955,-27494,85031
2009-03-03,7303,32200,-24897,81079
2009-03-10,12407,32498,-20091,87143
2009-03-17,15738,34601,-18863,93116
2009-03-24,16058,34697,-18639,96798
2009-03-31,15517,34375,-18858,97308
2009-04-07,18576,36243,-17667,102985
2009-04-14,17874,36978,-19104,107399
2009-04-21,18554,38262,-19708,104379
2009-04-28,19981,38089,-18108,106573
2009-05-05,18995,37674,-18679,104959
2009-05-12,18403,37295,-18892,108956
2009-05-19,18384,37342,-18958,106274
2009-05-26,19834,37649,-17815,108044
2009-06-02,21484,40201,-18717,111750
2009-06-09,19809,38619,-18810,110253
2009-06-16,21247,39772,-18525,115707
2009-06-23,18609,40413,-21804,109894
2009-06-30,18028,38108,-20080,104301
2009-07-07,17970,38946,-20976,102540
2009-07-14,17606,37758,-20152,106394
2009-07-21,23013,39089,-16076,116149
2009-07-28,25233,39825,-14592,120649
2009-08-04,27233,37780,-10547,122262
2009-08-11,27411,37719,-10308,118096
2009-08-18,27407,28517,-1110,117127
2009-08-25,28888,29944,-1056,118913
2009-09-01,28276,31697,-3421,119791
2009-09-08,27932,29780,-1848,118705
2009-09-15,26435,28423,-1988,118490
2009-09-22,24441,27701,-3260,117689
2009-09-29,22101,28380,-6279,114017
2009-10-06,24278,28954,-4676,119344
2009-10-13,25357,27119,-1762,121965
2009-10-20,32948,31156,1792,133461
2009-10-27,37835,28780,9055,138675
2009-11-03,38506,29440,9066,140919
2009-11-09,38649,31087,7562,143949
2009-11-17,44596,35345,9251,151727
2009-11-24,46078,35044,11034,152192
2009-12-01,46459,35192,11267,149082
2009-12-08,48128,35502,12626,148178
2009-12-15,45671,35345,10326,148040
2009-12-22,43330,34915,8415,145962
2009-12-29,50473,36195,14278,154965
2010-01-05,51738,35483,16255,158978
2010-01-12,51974,29642,22332,151749
2010-01-19,50762,23310,27452,143442
2010-01-26,48727,20192,28535,141166
2010-02-02,40449,22389,18060,132725
2010-02-09,35948,22503,13445,124743
2010-02-16,37712,23903,13809,127108
2010-02-23,38994,23337,15657,126956
2010-03-02,38871,23384,15487,126581
2010-03-09,41855,23946,17909,128403
2010-03-16,42229,23548,18681,130889
2010-03-23,42577,24827,17750,133210
2010-03-30,47196,25961,21235,142431
2010-04-06,50453,28002,22451,152534
2010-04-13,53348,30396,22952,151539
2010-04-20,50347,29864,20483,155077
2010-04-27,47951,28204,19747,152101
2010-05-04,42611,29152,13459,142960
2010-05-11,36129,25571,10558,131953
2010-05-18,35202,27969,7233,129554
2010-05-25,32590,28608,3982,129467
2010-06-01,32767,27435,5332,127748
2010-06-08,34337,32963,1374,132631
2010-06-15,33306,31751,1555,138123
2010-06-22,33352,31804,1548,140758
2010-06-29,32073,29147,2926,131028
2010-07-06,31715,29469,2246,128518
2010-07-13,31862,27557,4305,130480
2010-07-20,32601,28767,3834,133129
2010-07-27,35846,24744,11102,136381
2010-08-03,37994,25207,12787,142405
2010-08-10,40270,23698,16572,140232
2010-08-17,41142,26766,14376,141552
2010-08-24,36304,26921,9383,140303
2010-08-31,39392,26162,13230,134538
2010-09-07,41740,26992,14748,137503
2010-09-14,42109,25749,16360,141449
2010-09-21,43852,26803,17049,143340
2010-09-28,48382,26222,22160,148132
2010-10-05,51582,27185,24397,153959
2010-10-12,52744,28727,24017,159480
2010-10-19,54241,28155,26086,163453
2010-10-26,55193,28797,26396,167711
2010-11-02,52515,27376,25139,163851
2010-11-09,55507,25476,30031,164821
2010-11-16,49914,24031,25883,152903
2010-11-23,46097,23307,22790,146185
2010-11-30,47784,26676,21108,148391
2010-12-07,53567,27134,26433,157851
2010-12-14,58287,28019,30268,163783
2010-12-21,59804,27641,32163,166686
2010-12-28,61837,30035,31802,167555
2011-01-04,61858,30245,31613,166551
2011-01-11,61528,31423,30105,165801
2011-01-18,62505,32316,30189,166217
2011-01-25,53961,30049,23912,156145
2011-02-01,57306,32595,24711,160639
2011-02-08,63087,33627,29460,162680
2011-02-15,59706,30667,29039,159897
2011-02-22,53809,30579,23230,152274
2011-03-01,50320,23701,26619,147682
2011-03-08,49103,24793,24310,141912
2011-03-15,46193,22831,23362,134871
2011-03-22,44489,22667,21822,133844
2011-03-29,47672,20628,27044,135993
2011-04-05,46268,23884,22384,134397
2011-04-12,52973,21983,30990,142201
2011-04-19,43667,18608,25059,132501
2011-04-26,42076,18394,23682,130893
2011-05-03,40403,19399,21004,125944
2011-05-10,34445,22626,11819,120373
2011-05-17,29693,21948,7745,119862
2011-05-24,28382,22354,6028,120986
2011-05-31,29163,19183,9980,124047
2011-06-07,30044,20316,9728,123120
2011-06-14,31122,20388,10734,132735
2011-06-21,30500,20722,9778,133963
2011-06-28,29594,19591,10003,124292
2011-07-05,40534,21571,18963,138705
2011-07-12,48272,24486,23786,146942
2011-07-19,49556,25807,23749,152968
2011-07-26,51606,27015,24591,156227
2011-08-02,51036,26770,24266,156183
2011-08-09,34371,23516,10855,128676
2011-08-16,27563,21674,5889,125890
2011-08-23,28138,24290,3848,126582
2011-08-30,28751,26036,2715,115961
2011-09-06,30684,27166,3518,116034
2011-09-13,30701,28872,1829,118567
2011-09-20,31654,34874,-3220,125803
2011-09-27,29860,31283,-1423,120063
2011-10-04,28041,31422,-3381,121708
2011-10-11,27971,34987,-7016,123079
2011-10-18,28110,33399,-5289,129217
2011-10-25,28375,31263,-2888,130102
2011-11-01,28641,26816,1825,126523
2011-11-08,26697,26347,350,123732
2011-11-15,27002,28071,-1069,130170
2011-11-22,26079,30294,-4215,124242
2011-11-29,26436,29733,-3297,112431
2011-12-06,26730,29383,-2653,113383
2011-12-13,27051,30427,-3376,116107
2011-12-20,28345,33315,-4970,116162
2011-12-27,28675,32283,-3608,117257
2012-01-03,29629,31208,-1579,120924
2012-01-10,31413,33152,-1739,126766
2012-01-17,34047,31824,2223,132695
2012-01-24,36031,31546,4485,143015
2012-01-31,37565,33482,4083,152058
2012-02-07,40465,33536,6929,160326
2012-02-14,42178,32503,9675,164761
2012-02-21,43064,33634,9430,162787
2012-02-28,43780,33313,10467,153520
2012-03-06,44695,33128,11567,152925
2012-03-13,43305,34276,9029,151180
2012-03-20,48730,36560,12170,154590
2012-03-27,44252,36296,7956,152242
2012-04-03,48048,38649,9399,156785
2012-04-10,41268,40893,375,148631
2012-04-17,40984,39755,1229,159263
2012-04-24,38687,36338,2349,159368
2012-05-01,41404,37497,3907,144300
2012-05-08,42919,39388,3531,144652
2012-05-15,41857,45715,-3858,148020
2012-05-22,40184,50282,-10098,150276
2012-05-29,40639,52277,-11638,148782
2012-06-05,40259,56896,-16637,156367
2012-06-12,38794,53752,-14958,152198
2012-06-19,37756,52038,-14282,144949
2012-06-26,38453,55298,-16845,146469
2012-07-03,37821,51034,-13213,135726
2012-07-10,39390,49754,-10364,134149
2012-07-17,39798,48085,-8287,138148
2012-07-24,40765,53834,-13069,142443
2012-07-31,38672,53392,-14720,142820
2012-08-07,39671,56931,-17260,145107
2012-08-14,38874,56655,-17781,156302
2012-08-21,40773,53655,-12882,149521
2012-08-28,41645,49738,-8093,145284
2012-09-04,38833,48891,-10058,136572
2012-09-11,49549,47009,2540,147726
2012-09-18,51005,48001,3004,149249
2012-09-25,54605,49473,5132,152396
2012-10-02,54815,45801,9014,152408
2012-10-09,54605,42786,11819,152134
2012-10-16,52776,41281,11495,150433
2012-10-23,48775,41891,6884,153742
2012-10-30,45589,47906,-2317,156761
2012-11-06,42032,44263,-2231,155633
2012-11-13,41565,46021,-4456,152139
2012-11-20,39621,43074,-3453,148006
2012-11-27,38126,41105,-2979,145471
2012-12-04,44291,35255,9036,144234
2012-12-11,48572,35967,12605,151575
2012-12-18,51517,36484,15033,154107
2012-12-24,45595,37889,7706,148703
2012-12-31,45471,36155,9316,146756
2013-01-08,47014,34638,12376,156476
2013-01-15,48072,36149,11923,155931
2013-01-22,48190,38674,9516,162159
2013-01-29,50621,41258,9363,168695
2013-02-05,61834,45647,16187,184248
2013-02-12,60024,44196,15828,174775
2013-02-19,58477,49217,9260,178678
2013-02-26,46770,47506,-736,161489
2013-03-05,49313,54908,-5595,159876
2013-03-12,48138,54257,-6119,158882
2013-03-19,47769,64079,-16310,169444
2013-03-26,49711,70022,-20311,173895
2013-04-02,48722,75800,-27078,181020
2013-04-09,47720,75064,-27344,184439
2013-04-16,45064,68472,-23408,189202
2013-04-23,43405,63975,-20570,174272
2013-04-30,43278,66620,-23342,167425
2013-05-07,42608,61072,-18464,160460
2013-05-14,39954,56935,-16981,161621
2013-05-21,39509,52501,-12992,164199
2013-05-28,38787,51959,-13172,167166
2013-06-04,41513,51019,-9506,169723
2013-06-11,40933,58727,-17794,182355
2013-06-18,47816,74037,-26221,196007
2013-06-25,46902,78454,-31552,179494
2013-07-02,44900,73256,-28356,171686
2013-07-09,44264,72179,-27915,169838
2013-07-16,39416,61636,-22220,164547
2013-07-23,38652,61581,-22929,162459
2013-07-30,39302,70335,-31033,166738
2013-08-06,37870,59354,-21484,164603
2013-08-13,38808,45512,-6704,162476
2013-08-20,44416,44468,-52,160917
2013-08-27,42777,43600,-823,157322
2013-09-03,40854,45327,-4473,149509
2013-09-10,37875,46467,-8592,149577
2013-09-17,35648,50908,-15260,149546
2013-09-24,36635,43890,-7255,147904
2013-10-01,39044,40361,-1317,148305
2013-10-08,37884,41750,-3866,148254
2013-10-15,37631,45383,-7752,150150
2013-10-22,44626,41015,3611,155397
2013-10-29,38284,48309,-10025,154912
2013-11-05,36728,46515,-9787,149044
2013-11-12,39984,59002,-19018,163718
2013-11-19,40433,74459,-34026,173776
2013-11-26,41196,71269,-30073,159279
2013-12-03,42937,70414,-27477,160620
2013-12-10,44245,57437,-13192,160228
2013-12-17,54850,52515,2335,160613
2013-12-24,60844,56072,4772,165813
2013-12-31,65927,55477,10450,167779
2014-01-07,67496,54977,12519,170337
2014-01-14,59261,52194,7067,164019
2014-01-21,61025,51289,9736,160900
2014-01-28,51779,51801,-22,153430
2014-02-04,45662,59148,-13486,152388
2014-02-11,46855,64959,-18104,165563
2014-02-18,45291,59136,-13845,163586
2014-02-25,45042,53170,-8128,146640
2014-03-04,45621,58971,-13350,145733
2014-03-11,47565,69157,-21592,156494
2014-03-18,48960,77261,-28301,160339
2014-03-25,45374,78317,-32943,154910
2014-04-01,45442,71185,-25743,153967
2014-04-08,45493,63897,-18404,154200
2014-04-15,43395,64790,-21395,164980
2014-04-22,40923,60798,-19875,153788
2014-04-29,42322,56048,-13726,139482
2014-05-06,40899,58188,-17289,142582
2014-05-13,48909,58827,-9918,152093
2014-05-20,50971,56367,-5396,150858
2014-05-27,52015,56167,-4152,153981
2014-06-03,47341,56886,-9545,152241
2014-06-10,40135,55339,-15204,148047
2014-06-17,38163,56093,-17930,152137
2014-06-24,41993,49571,-7578,143153
2014-07-01,52306,54068,-1762,146615
2014-07-08,65507,58379,7128,161515
2014-07-15,76482,61822,14660,179964
2014-07-22,70057,61234,8823,181072
2014-07-29,63654,59406,4248,175593
2014-08-05,61947,54508,7439,171881
2014-08-12,47013,48516,-1503,154233
2014-08-19,43851,50090,-6239,152812
2014-08-26,46210,46176,34,147081
2014-09-02,42834,46753,-3919,137012
2014-09-09,48058,57818,-9760,144848
2014-09-16,48349,61942,-13593,143992
2014-09-23,50856,70852,-19996,153068
2014-09-30,51760,75449,-23689,161179
2014-10-07,54273,79474,-25201,168359
2014-10-14,54923,78859,-23936,168266
2014-10-21,54434,82285,-27851,176372
2014-10-28,54390,75804,-21414,170643
2014-11-04,47290,73283,-25993,165732
2014-11-11,47983,73678,-25695,171153
2014-11-18,52728,77509,-24781,177218
2014-11-25,55295,83620,-28325,161294
2014-12-02,50598,84788,-34190,159724
2014-12-09,47123,80062,-32939,152738
2014-12-16,46990,76693,-29703,152538
2014-12-23,43401,75614,-32213,153226
2014-12-30,44377,79453,-35076,159515
2015-01-06,45832,87126,-41294,170492
2015-01-13,53310,89112,-35802,180063
2015-01-20,46255,83016,-36761,173587
2015-01-27,46556,87196,-40640,179900
2015-02-03,47140,87153,-40013,182044
2015-02-10,45837,87390,-41553,187046
2015-02-17,44872,82663,-37791,187012
2015-02-24,50684,80677,-29993,172321
2015-03-03,51014,73796,-22782,163690
2015-03-10,53329,74839,-21510,164858
2015-03-17,55274,72801,-17527,165071
2015-03-24,58248,67190,-8942,166385
2015-03-31,60326,64403,-4077,170680
2015-04-07,58794,63705,-4911,171590
2015-04-14,54707,61925,-7218,166187
2015-04-21,50497,62807,-12310,158158
2015-04-28,50510,66567,-16057,154860
2015-05-05,63533,63905,-372,166837
2015-05-12,73726,65119,8607,178740
2015-05-19,73604,64212,9392,179735
2015-05-26,64961,63284,1677,172973
2015-06-02,50751,59531,-8780,160961
2015-06-09,50721,64141,-13420,171901
2015-06-16,53482,70113,-16631,182164
2015-06-23,54026,77790,-23764,185075
2015-06-30,59753,81586,-21833,166565
2015-07-07,55639,81074,-25435,167416
2015-07-14,53064,73840,-20776,162147
2015-07-21,56947,79128,-22181,166328
2015-07-28,55730,80190,-24460,164113
2015-08-04,60616,92955,-32339,181781
2015-08-11,60282,94037,-33755,195724
2015-08-18,60822,89744,-28922,191961
2015-08-25,60299,83609,-23310,167713
2015-09-01,61054,81481,-20427,159151
2015-09-08,60691,74084,-13393,159848
2015-09-15,59528,63671,-4143,155506
2015-09-22,52405,65649,-13244,153304
2015-09-29,52463,69466,-17003,152292
2015-10-06,54596,66168,-11572,154158
2015-10-13,54298,60446,-6148,157319
2015-10-20,56551,61104,-4553,163713
2015-10-27,58144,58933,-789,166489
2015-11-03,55354,67076,-11722,165916
2015-11-10,52866,80278,-27412,174496
2015-11-17,61523,90685,-29162,194391
2015-11-24,64334,97911,-33577,187353
2015-12-01,65971,100025,-34054,181753
2015-12-08,65606,99575,-33969,180525
2015-12-15,67852,100248,-32396,180050
2015-12-22,63039,93215,-30176,171305
2015-12-29,60057,90074,-30017,168364
2016-01-05,63164,94882,-31718,172493
2016-01-12,68791,110647,-41856,194338
2016-01-19,68803,112106,-43303,199973
2016-01-26,65037,101818,-36781,203598
2016-02-02,63623,99093,-35470,202356
2016-02-09,63537,90389,-26852,190339
2016-02-16,60110,87475,-27365,191975
2016-02-23,58019,81064,-23045,174429
2016-03-01,55908,80527,-24619,160638
2016-03-08,63180,66129,-2949,166904
2016-03-15,63533,64157,-624,176543
2016-03-22,62637,61850,787,179525
2016-03-29,67696,72009,-4313,187372
2016-04-05,67609,77578,-9969,193525
2016-04-12,68490,90799,-22309,202077
2016-04-19,66393,90838,-24445,202995
2016-04-26,65361,73394,-8033,173226
2016-05-03,65743,73162,-7419,177311
2016-05-10,71298,94106,-22808,185742
2016-05-17,79134,109759,-30625,204320
2016-05-24,72083,113239,-41156,211618
2016-05-31,71369,110231,-38862,218099
2016-06-07,72657,111867,-39210,228947
2016-06-14,71458,116168,-44710,240180
2016-06-21,63873,96787,-32914,216708
2016-06-28,53663,73532,-19869,168725
2016-07-05,50608,70095,-19487,165608
2016-07-12,54525,68776,-14251,167442
2016-07-19,65847,63691,2156,180490
2016-07-26,69402,64531,4871,188833
2016-08-02,68978,66219,2759,190599
2016-08-09,67168,71816,-4648,190161
2016-08-16,61517,66254,-4737,182189
2016-08-23,70713,76431,-5718,194434
2016-08-30,69164,91211,-22047,187895
2016-09-06,79831,110290,-30459,204529
2016-09-13,88560,114066,-25506,205025
2016-09-20,82213,95536,-13323,191965
2016-09-27,74648,76864,-2216,180588
2016-10-04,77036,76250,786,182586
2016-10-11,79058,74831,4227,186602
2016-10-18,87559,98734,-11175,208983
2016-10-25,90754,104686,-13932,214999
2016-11-01,88620,77332,11288,204508
2016-11-08,118124,78641,39483,236021
2016-11-15,117485,72715,44770,241085
2016-11-22,117944,71675,46269,237190
2016-11-29,120932,67652,53280,231474
2016-12-06,123654,67333,56321,237404
2016-12-13,127501,66480,61021,237997
2016-12-20,119045,67184,51861,234318
2016-12-27,112477,66824,45653,228415
2017-01-03,109233,64859,44374,224559
2017-01-10,116858,69225,47633,237691
2017-01-17,118894,72559,46335,253013
2017-01-24,127827,77797,50030,272424
2017-01-31,134799,77857,56942,293152
2017-02-07,131012,79496,51516,293061
2017-02-14,131241,86386,44855,297783
2017-02-21,128025,85619,42406,285489
2017-02-28,120937,82917,38020,268330
2017-03-07,117942,88035,29907,268193
2017-03-14,110697,88106,22591,260839
2017-03-21,111970,90109,21861,270146
2017-03-28,112019,82198,29821,273737
2017-04-04,111676,84834,26842,278641
2017-04-11,114294,88428,25866,285671
2017-04-18,106599,90285,16314,276708
2017-04-25,103672,91096,12576,261273
2017-05-02,104710,86184,18526,249490
2017-05-09,98763,90506,8257,244297
2017-05-16,96918,88143,8775,251394
2017-05-23,97286,84156,13130,257500
2017-05-30,96563,86838,9725,250320
2017-06-06,97335,84487,12848,254753
2017-06-13,107790,88981,18809,261715
2017-06-20,103427,90645,12782,272699
2017-06-27,106322,92773,13549,254088
2017-07-03,116154,99933,16221,267910
2017-07-11,112514,100660,11854,264964
2017-07-18,121415,106344,15071,278150
2017-07-25,136476,112593,23883,300406
2017-08-01,152593,121598,30995,323290
2017-08-08,156893,124079,32814,330951
2017-08-15,163180,126593,36587,336007
2017-08-22,164286,123796,40490,332408
2017-08-29,166247,123114,43133,331194
2017-09-05,171857,123296,48561,333177
2017-09-12,161626,115070,46556,319213
2017-09-19,142773,110237,32536,293529
2017-09-26,136189,106231,29958,277914
2017-10-03,140036,106420,33616,275813
2017-10-10,147406,107201,40205,292876
2017-10-17,155325,104837,50488,311525
2017-10-24,154972,102858,52114,314981
2017-10-31,145195,98050,47145,303760
2017-11-07,140149,97884,42265,303854
2017-11-14,132883,93227,39656,287849
2017-11-21,130554,90429,40125,282043
2017-11-28,132442,88926,43516,275113
2017-12-05,117002,90444,26558,261076
2017-12-12,106142,78595,27547,238182
2017-12-19,118499,76331,42168,252927
2017-12-26,136375,84030,52345,271449
2018-01-02,149602,86746,62856,292750
2018-01-09,147620,86325,61295,296542
2018-01-16,138146,77959,60187,293299
2018-01-23,134329,82096,52233,289744
2018-01-30,127825,74916,52909,291016
2018-02-06,123520,71480,52040,289647
2018-02-13,112422,68537,43885,260295
2018-02-20,112439,66071,46368,260811
2018-02-27,113998,73280,40718,267323
2018-03-06,112652,71118,41534,263620
2018-03-13,108977,69310,39667,277467
2018-03-20,108618,76615,32003,288912
2018-03-27,106997,87521,19476,297451
2018-04-03,101902,81038,20864,293774
2018-04-10,94353,71743,22610,262363
2018-04-17,95306,65055,30251,245814
2018-04-24,99435,58517,40918,248720
2018-05-01,105554,71718,33836,247112
2018-05-08,105542,73371,32171,258077
2018-05-15,106307,71370,34937,263286
2018-05-22,108417,71093,37324,265784
2018-05-29,107887,71805,36082,271165
2018-06-05,110787,65854,44933,272877
2018-06-12,125484,57882,67602,295881
2018-06-19,118056,63116,54940,275504
2018-06-26,103525,70535,32990,273526
2018-07-03,99718,74852,24866,268505
2018-07-10,101668,87668,14000,289428
2018-07-17,105802,96371,9431,314308
2018-07-24,109157,100133,9024,327116
2018-07-31,101216,93311,7905,308912
2018-08-07,96888,94764,2124,299554
2018-08-14,95422,92310,3112,296949
2018-08-21,84509,86422,-1913,276178
2018-08-28,81138,81227,-89,239862
2018-09-04,78184,84062,-5878,244835
2018-09-11,72239,81203,-8964,237726
2018-09-18,74188,75080,-892,244060
2018-09-25,78136,67173,10963,244801
2018-10-02,77255,65750,11505,242360
2018-10-09,72589,65364,7225,245410
2018-10-16,71265,63124,8141,247334
2018-10-23,70584,61936,8648,256644
2018-10-30,71315,70958,357,265564
2018-11-06,72637,67013,5624,257205
2018-11-13,72750,69975,2775,250971
2018-11-20,79998,68058,11940,239017
2018-11-27,76190,65856,10334,224029
2018-12-04,74713,64377,10336,221919
2018-12-11,71721,64922,6799,214206
2018-12-18,76341,79371,-3030,220551
2018-12-24,73142,83399,-10257,224911
2018-12-31,74035,84809,-10774,230197
2019-01-08,71836,91704,-19868,249357
2019-01-15,75020,102910,-27890,278351
2019-01-22,75473,100324,-24851,280028
2019-01-29,75524,98051,-22527,273993
2019-02-05,79480,86165,-6685,257490
2019-02-12,83273,81469,1804,257692
2019-02-19,85416,85542,-126,272004
2019-02-26,96925,75838,21087,269760
2019-03-05,94209,63316,30893,271257
2019-03-12,89275,64257,25018,275086
2019-03-19,83588,66525,17063,272393
2019-03-26,76779,72984,3795,262626
2019-04-02,83355,76362,6993,262507
2019-04-09,82906,78038,4868,259454
2019-04-16,85401,78642,6759,270733
2019-04-23,81777,80908,869,268079
2019-04-30,79434,79687,-253,256106
2019-05-07,73069,86441,-13372,254930
2019-05-14,72397,92310,-19913,267951
2019-05-21,71648,93823,-22175,273936
2019-05-28,72504,97169,-24665,281018
2019-06-04,74595,102590,-27995,292384
2019-06-11,78589,109803,-31214,297885
2019-06-18,81825,105922,-24097,295122
2019-06-25,74779,99812,-25033,255231
2019-07-02,77106,105497,-28391,263659
2019-07-09,76041,116363,-40322,274453
2019-07-16,74246,105534,-31288,278459
2019-07-23,76903,100351,-23448,276154
2019-07-30,76981,106041,-29060,278244
2019-08-06,77402,137537,-60135,314276
2019-08-13,75488,129657,-54169,307384
2019-08-20,74066,124378,-50312,294104
2019-08-27,73066,131573,-58507,268607
2019-09-03,76264,135200,-58936,267681
2019-09-10,77887,118196,-40309,250250
2019-09-17,75452,111568,-36116,243458
2019-09-24,71160,111753,-40593,238338
2019-10-01,71255,118044,-46789,248931
2019-10-08,69801,117928,-48127,262846
2019-10-15,68045,114586,-46541,264279
2019-10-22,69465,109997,-40532,259604
2019-10-29,78390,102032,-23642,255706
2019-11-05,83664,105316,-21652,249535
2019-11-12,75016,99837,-24821,250566
2019-11-19,65019,98630,-33611,239098
2019-11-26,62123,99802,-37679,219084
2019-12-03,64447,101822,-37375,220884
2019-12-10,79923,96437,-16514,239078
2019-12-17,96425,95320,1105,275222
2019-12-24,97981,94424,3557,280142
2019-12-31,99303,93330,5973,273722
2020-01-07,93315,95596,-2281,278454
2020-01-14,104775,100139,4636,291980
2020-01-21,103901,97866,6035,291261
2020-01-28,77457,91414,-13957,258658
2020-02-04,70050,103231,-33181,278303
2020-02-11,68291,112712,-44421,286838
2020-02-18,69942,111304,-41362,293857
2020-02-25,70638,113849,-43211,272845
2020-03-03,67253,105070,-37817,256536
2020-03-10,60177,98908,-38731,240759
2020-03-17,54910,91735,-36825,233939
2020-03-24,46088,70878,-24790,204923
2020-03-31,42804,66401,-23597,198301
2020-04-07,42129,66640,-24511,203075
2020-04-14,43854,66324,-22470,211740
2020-04-21,46890,66755,-19865,197253
2020-04-28,46549,63353,-16804,173761
2020-05-05,45506,64950,-19444,168365
2020-05-12,47426,63233,-15807,173821
2020-05-19,50435,64254,-13819,176498
2020-05-26,50099,59718,-9619,177980
2020-06-02,55698,56593,-895,184653
2020-06-09,58974,48456,10518,186522
2020-06-16,55437,47500,7937,186217
2020-06-23,60670,47020,13650,197829
2020-06-30,67930,47804,20126,196704
2020-07-07,77231,53648,23583,210871
2020-07-14,88974,55829,33145,227043
2020-07-21,95527,57101,38426,233739
2020-07-28,99616,56571,43045,239440
2020-08-04,97368,57882,39486,237232
2020-08-11,89745,55310,34435,232486
2020-08-18,100190,56063,44127,238681
2020-08-25,98841,50503,48338,232745
2020-09-01,104516,50932,53584,237717
2020-09-08,105688,49734,55954,241142
2020-09-15,110455,51675,58780,250342
2020-09-22,123536,55417,68119,258255
2020-09-29,114088,59822,54266,239254
2020-10-06,107313,53501,53812,231845
2020-10-13,118922,59593,59329,240920
2020-10-20,130507,63394,67113,253749
2020-10-27,126719,59633,67086,243678
2020-11-03,115391,54328,61063,236668
2020-11-10,120183,55240,64943,231980
2020-11-17,123555,56420,67135,232676
2020-11-24,130550,56394,74156,240354
2020-12-01,134673,54492,80181,246228
2020-12-08,136911,56347,80564,248870
2020-12-15,133919,61228,72691,251429
2020-12-21,132955,61177,71778,255646
2020-12-29,132537,60879,71658,251859
2021-01-05,135458,65553,69905,262775
2021-01-12,131882,64495,67387,258126
2021-01-19,132827,63891,68936,262369
2021-01-26,132193,60896,71297,260484
2021-02-02,132276,64795,67481,262242
2021-02-09,142093,69359,72734,271960
2021-02-16,147759,72544,75215,282386
2021-02-23,140632,64878,75754,279660
2021-03-02,132334,65812,66522,266066
2021-03-09,114660,62393,52267,252525
2021-03-16,109921,62445,47476,254068
2021-03-23,110659,63968,46691,252231
2021-03-30,105015,60401,44614,238493
2021-04-06,110769,66909,43860,255691
2021-04-13,104610,67878,36732,247545
2021-04-20,110699,66670,44029,265032
2021-04-27,120996,70741,50255,270097
2021-05-04,129573,74872,54701,276951
2021-05-11,119497,72836,46661,284447
2021-05-18,109937,69878,40059,266482
2021-05-25,94733,70189,24544,244726
2021-06-01,92862,73378,19484,248544
2021-06-08,92038,75984,16054,249910
2021-06-15,90993,78445,12548,247038
2021-06-22,83374,73743,9631,223880
2021-06-29,84120,71912,12208,210964
2021-07-06,84843,68445,16398,216661
2021-07-13,83176,65917,17259,215447
2021-07-20,81792,61164,20628,212811
2021-07-27,92946,55276,37670,225302
2021-08-03,92165,56876,35289,225757
2021-08-10,89109,59829,29280,214106
2021-08-17,86189,65878,20311,222286
2021-08-24,73293,65170,8123,206454
2021-08-31,78358,56326,22032,201398
2021-09-07,78247,54699,23548,201535
2021-09-14,81370,52455,28915,205327
2021-09-21,78854,59564,19290,202882
2021-09-28,78789,59751,19038,194393
2021-10-05,76816,62005,14811,195488
2021-10-12,84627,61603,23024,206607
2021-10-19,104099,63480,40619,248058
2021-10-26,99055,61339,37716,236663
2021-11-02,89150,56567,32583,228551
2021-11-09,83150,60226,22924,224532
2021-11-16,81653,61244,20409,219353
2021-11-23,72214,57959,14255,197879
2021-11-30,68187,58901,9286,191465
2021-12-07,63227,56178,7049,181012
2021-12-14,62494,56021,6473,178867
2021-12-21,60361,56608,3753,176948
2021-12-28,70462,56641,13821,185255
2022-01-04,74711,55639,19072,191672
2022-01-11,73103,57121,15982,195530
2022-01-18,77076,55159,21917,211169
2022-01-25,78081,51999,26082,214683
2022-02-01,69252,52991,16261,207153
2022-02-08,74229,55470,18759,211800
2022-02-15,84135,53537,30598,222555
2022-02-22,80791,54971,25820,215070
2022-03-01,75684,53273,22411,206254
2022-03-08,87795,55752,32043,215469
2022-03-15,73117,54029,19088,195567
2022-03-22,81604,54609,26995,210430
2022-03-29,86777,55857,30920,213595
2022-04-05,91652,54630,37022,229082
2022-04-12,82807,58536,24271,216623
2022-04-19,84318,64376,19942,216048
2022-04-26,71446,74560,-3114,203026
2022-05-03,66535,81717,-15182,199667
2022-05-10,57699,80330,-22631,200798
2022-05-17,53440,76848,-23408,206017
2022-05-24,54487,72945,-18458,201355
2022-05-31,55215,71407,-16192,202750
2022-06-07,60596,61464,-868,209824
2022-06-14,52734,64946,-12212,202743
2022-06-21,51036,70927,-19891,205131
2022-06-28,48452,77753,-29301,197525
2022-07-05,54558,85172,-30614,200704
2022-07-12,52326,78067,-25741,192025
2022-07-19,51197,74509,-23312,197184
2022-07-26,52869,78685,-25816,197420
2022-08-02,50495,76879,-26384,200385
2022-08-09,49951,76676,-26725,206630
2022-08-16,47352,73836,-26484,203258
2022-08-23,50618,67808,-17190,195146
2022-08-30,47146,69697,-22551,171167
2022-09-06,46954,70075,-23121,173058
2022-09-13,45513,62290,-16777,172605
2022-09-20,47814,65773,-17959,178244
2022-09-27,52172,78531,-26359,188020
2022-10-04,51705,68989,-17284,180226
2022-10-11,52007,66580,-14573,181937
2022-10-18,50423,69660,-19237,193890
2022-10-25,50485,66557,-16072,194446
2022-11-01,51726,58611,-6885,192950
2022-11-08,56456,53529,2927,189859
2022-11-15,61804,51638,10166,193095
2022-11-22,53404,50950,2454,166623
2022-11-29,52251,50752,1499,160246
2022-12-06,56432,54659,1773,177729
2022-12-13,58492,55969,2523,181969
2022-12-20,56406,55644,762,176772
2022-12-27,59180,58527,653,177940
2023-01-03,58078,62644,-4566,181654
2023-01-10,76118,65003,11115,217936
2023-01-17,87068,69386,17682,242969
2023-01-24,89017,68115,20902,257824
2023-01-31,87025,68590,18435,260219
2023-02-07,74276,72891,1385,256259
2023-02-14,65588,72682,-7094,253143
2023-02-21,73099,72313,786,264418
2023-02-28,59331,67338,-8007,221481
2023-03-07,62159,72552,-10393,234810
2023-03-14,51921,68671,-16750,232736
2023-03-21,47875,63457,-15582,229233
2023-03-28,54870,58541,-3671,234363
2023-04-04,58573,63518,-4945,240757
2023-04-11,54003,59773,-5770,230616
2023-04-18,65122,57970,7152,228949
2023-04-25,55097,73930,-18833,220593
2023-05-02,52784,75549,-22765,215746
2023-05-09,53311,79134,-25823,214618
2023-05-16,57464,90041,-32577,238188
2023-05-23,59208,88474,-29266,244297
2023-05-30,53996,89708,-35712,242766
2023-06-06,55700,81792,-26092,250630
2023-06-13,60968,73804,-12836,233827
2023-06-20,64227,62003,2224,227411
2023-06-27,63624,61160,2464,207382
2023-07-03,58219,67504,-9285,201351
2023-07-11,59109,70445,-11336,212995
2023-07-18,67164,71196,-4032,234224
2023-07-25,74239,73260,979,256481
2023-08-01,80120,70088,10032,257865
2023-08-08,70536,81101,-10565,246959
2023-08-15,65275,91965,-26690,244110
2023-08-22,62552,87377,-24825,230656
2023-08-29,62151,78550,-16399,204580
2023-09-05,66713,73550,-6837,208580
2023-09-12,66218,79339,-13121,211747
2023-09-19,67480,84410,-16930,218473
2023-09-26,70705,100119,-29414,231521
2023-10-03,68261,90408,-22147,225753
2023-10-10,65038,80875,-15837,220009
2023-10-17,69557,96227,-26670,240400
2023-10-24,70431,91379,-20948,245229
2023-10-31,69168,86375,-17207,240219
2023-11-07,65125,75470,-10345,230917
2023-11-14,60755,77635,-16880,223300
2023-11-21,64638,67918,-3280,208405
2023-11-28,62735,65701,-2966,187406
2023-12-05,62380,63963,-1583,191221
2023-12-12,65381,69218,-3837,190972
2023-12-19,74847,69133,5714,208736
2023-12-26,73281,65843,7438,204082
2024-01-02,70412,61719,8693,208027
2024-01-09,63008,76028,-13020,225409
2024-01-16,61007,86390,-25383,240498
2024-01-23,64808,94751,-29943,256252
2024-01-30,70701,79135,-8434,254989
2024-02-06,69632,83539,-13907,268927
2024-02-13,74876,108451,-33575,283667
2024-02-20,77291,94937,-17646,258436
2024-02-27,67724,71755,-4031,208274
2024-03-05,69297,76662,-7365,217182
2024-03-12,87679,82841,4838,249969
2024-03-19,129050,94523,34527,326032
2024-03-26,121998,98391,23607,326936
2024-04-02,129277,108110,21167,348639
2024-04-09,149191,105231,43960,380814
2024-04-16,147621,100699,46922,384515
2024-04-23,150673,95436,55237,409470
2024-04-30,156041,98585,57456,382560
2024-05-07,164457,102281,62176,392163
2024-05-14,167803,105962,61841,425593
2024-05-21,164141,96093,68048,437417
2024-05-28,155584,93359,62225,402490
2024-06-04,140600,83706,56894,374596
2024-06-11,136717,79341,57376,362236
2024-06-18,131160,82646,48514,355138
2024-06-25,131165,86533,44632,316871
2024-07-02,131408,87498,43910,321609
2024-07-09,138009,87442,50567,340106
2024-07-16,136120,82185,53935,342531
2024-07-23,108710,72975,35735,327120
2024-07-30,96417,75033,21384,325141
2024-08-06,83205,65092,18113,318990
2024-08-13,80830,67034,13796,296938
2024-08-20,87617,69983,17634,297198
2024-08-27,87484,69114,18370,265971
2024-09-03,76278,62011,14267,249421
2024-09-10,74095,60000,14095,250204
2024-09-17,79031,57764,21267,258958
2024-09-24,95618,60713,34905,292616
2024-10-01,107121,64594,42527,307666
2024-10-08,103297,61488,41809,301516
2024-10-15,97220,62740,34480,300940
2024-10-22,99736,67596,32140,300124
2024-10-29,98099,73278,24821,295893
2024-11-05,104868,78720,26148,306744
2024-11-12,93397,72516,20881,280777
2024-11-19,86014,70359,15655,275886
2024-11-26,82115,71686,10429,234833
2024-12-03,84453,73694,10759,244517
2024-12-10,82350,71550,10800,238993
2024-12-17,78875,73595,5280,238995
2024-12-24,79768,78656,1112,244612
2024-12-31,84951,83864,1087,247950
2025-01-07,86696,82491,4205,249420
2025-01-14,82282,71360,10922,247157
2025-01-21,85092,70067,15025,254749
2025-01-28,83523,71499,12024,263378
2025-02-04,88120,74620,13500,266476
2025-02-11,98253,79456,18797,290716
2025-02-18,95029,74952,20077,286175
2025-02-25,88015,72655,15360,243832
2025-03-04,84842,75424,9418,243549
2025-03-11,90000,75293,14707,258962
2025-03-18,93222,73538,19684,278581
2025-03-25,96348,69352,26996,302464
2025-04-01,88823,63951,24872,288860
2025-04-08,75513,57826,17687,284106
2025-04-15,70802,57353,13449,256154
2025-04-22,74391,55785,18606,247642
2025-04-29,70332,53662,16670,224293
2025-05-06,69735,50946,18789,226124
2025-05-13,68911,50596,18315,228762
2025-05-20,65597,47512,18085,236503
2025-05-27,66777,46748,20029,231759
2025-06-03,68013,46871,21142,236227
2025-06-10,68761,45192,23569,233675
2025-06-17,63806,42650,21156,227821
2025-06-24,67833,40909,26924,229255
2025-07-01,72823,41993,30830,233576
2025-07-08,79773,43899,35874,259654
2025-07-15,72670,35392,37278,257681
2025-07-22,73069,36594,36475,269934
2025-07-29,72209,37771,34438,263128
2025-08-05,52606,31313,21293,241939
2025-08-12,56291,27734,28557,236462
2025-08-19,53855,27132,26723,238869
2025-08-26,54157,28814,25343,210899
2025-09-02,59223,34115,25108,217764
2025-09-09,62683,35629,27054,230932
2025-09-16,68937,37849,31088,247431
2025-09-23,72446,41098,31348,255470
2025-09-30,79448,46132,33316,263246
2025-10-07,92775,53448,39327,296143
2025-10-14,92389,49865,42524,299057
2025-10-21,89497,47097,42400,300575
2025-10-28,98325,47563,50762,314688
2025-11-04,96665,44617,52048,312604
2025-11-10,97485,45463,52022,312609
2025-11-18,94602,45282,49320,293221
2025-11-25,90640,47545,43095,251135
2025-12-02,96699,43980,52719,265632
2025-12-09,103744,42477,61267,276682
2025-12-16,103751,40955,62796,283745
2025-12-23,105274,39998,65276,289317
2025-12-30,98870,41267,57603,289657
2026-01-06,97239,41541,55698,307630
2026-01-13,92744,41769,50975,310517
2026-01-20,97981,46298,51683,314819
2026-01-27,98976,50901,48075,305347
2026-02-03,94778,47787,46991,315626
2026-02-10,91859,46721,45138,304397
2026-02-17,87552,28309,59243,303054
2026-02-24,87853,29660,58193,280446
2026-03-03,88247,31302,56945,264036
2026-03-10,82682,30726,51956,254140
2026-03-17,79467,30382,49085,248193
2026-03-24,67880,29884,37996,244638
2026-03-31,71920,30855,41065,239826
2026-04-07,73402,32036,41366,243811
2026-04-14,85995,31207,54788,270312
2026-04-21,89871,30485,59386,272834
2026-04-28,91711,28716,62995,246267
2026-05-05,95117,32769,62348,248308
2026-05-12,106679,32136,74543,291157
2026-05-19,105794,29954,75840,286261
2026-05-26,105463,32150,73313,293364
2026-06-02,111505,31906,79599,313585
2026-06-09,108215,32627,75588,304295
2026-06-16,106928,31041,75887,302254
2026-06-23,104564,31552,73012,295849
2026-06-30,97430,31290,66140,277806
2026-07-07,96636,30745,65891,272092
2026-07-14,99232,33603,65629,282589
2026-07-21,108487,33665,74822,295749
2026-07-28,102900,34403,68497,290573
2026-08-04,113913,36491,77422,310202
2026-08-11,113936,33433,80503,316036
2026-08-18,110261,30748,79513,296867
